,cat_name,supercat,bbox_area,rel_area_pct,size_bucket
count,4784,4784,4784.0,4784.0,4784
unique,59,28,,,3
top,Cigarette,Plastic bag & wrapper,,,large (>96^2 px)
freq,667,850,,,3095
mean,,,263954.6219728457,2.752872481658739,
std,,,785930.6075399737,7.3599346849363725,
min,,,80.0,0.0010012174804562347,
25%,,,4173.25,0.04995204420054075,
50%,,,29346.0,0.35023093344665,
75%,,,149393.75,1.7616746934581453,
max,,,10992160.0,94.1941352739726,
